-- phpMyAdmin SQL Dump
-- version 4.0.4
-- http://www.phpmyadmin.net
--
-- 主机: localhost
-- 生成日期: 2015 年 11 月 27 日 13:53
-- 服务器版本: 5.6.12-log
-- PHP 版本: 5.4.12

SET SQL_MODE = "NO_AUTO_VALUE_ON_ZERO";
SET time_zone = "+00:00";


/*!40101 SET @OLD_CHARACTER_SET_CLIENT=@@CHARACTER_SET_CLIENT */;
/*!40101 SET @OLD_CHARACTER_SET_RESULTS=@@CHARACTER_SET_RESULTS */;
/*!40101 SET @OLD_COLLATION_CONNECTION=@@COLLATION_CONNECTION */;
/*!40101 SET NAMES utf8 */;

--
-- 数据库: `s36_shop`
--
CREATE DATABASE IF NOT EXISTS `s36_shop` DEFAULT CHARACTER SET latin1 COLLATE latin1_swedish_ci;
USE `s36_shop`;

-- --------------------------------------------------------

--
-- 表的结构 `s36_about`
--

CREATE TABLE IF NOT EXISTS `s36_about` (
  `id` int(10) unsigned NOT NULL AUTO_INCREMENT,
  `title` varchar(255) DEFAULT NULL,
  `image` varchar(255) DEFAULT NULL,
  `status` tinyint(4) NOT NULL DEFAULT '0',
  `describe` text,
  `addtime` int(10) unsigned NOT NULL DEFAULT '0',
  PRIMARY KEY (`id`)
) ENGINE=MyISAM  DEFAULT CHARSET=utf8 AUTO_INCREMENT=12 ;

--
-- 转存表中的数据 `s36_about`
--

INSERT INTO `s36_about` (`id`, `title`, `image`, `status`, `describe`, `addtime`) VALUES
(7, '关于我们', '201511265657174eecdec4469.jpg', 1, '1号店由前戴尔高管于刚和刘峻岭联合创立，网站（www.yhd.com）于2008年7月11日正式上线，为每一位顾客提供“满足家庭所需”的一站式网购体验。顾客不出家门、不出国门，即能享受到来自全国及世界各地的商品和服务，省力、省钱、省时间。<br><br>&nbsp;&nbsp;&nbsp;&nbsp;&nbsp;&nbsp;&nbsp; 2012年10月，世界零售巨头沃尔玛百货有限公司增加对1号店的投资，持有股份增至近51%。2015年7月，沃尔玛收购1号店余下股权，实现全资控股，1号店成为沃尔玛全球大家庭的一员。<br><br>&nbsp;&nbsp;&nbsp;&nbsp;&nbsp;&nbsp;&nbsp; 目前，1号店在线销售涵盖食品饮料、酒水、生鲜、进口食品、进口牛奶、美容化妆、个人护理、服饰鞋靴、厨卫清洁、母婴用品、手机数码、家居家纺、家用电器、保健用品、箱包珠宝、运动用品及礼品卡等超过800万种商品。<br><br>&nbsp;&nbsp;&nbsp;&nbsp;&nbsp;&nbsp;&nbsp; 1号店以“诚信”为本，在供应商筛选、商品质量管理和商品入库、入驻商家引进及日常运营监管等环节上，由专业人员严格把关，保障商品和服务的高质量，并严格遵照国家有关“三包”的法律法规，让顾客放心购买。<br><br>&nbsp;&nbsp;&nbsp;&nbsp;&nbsp;&nbsp;&nbsp; 与传统零售相比，1号店有明显的成本优势，同时，通过建立高效优化的供应链，节省采购、仓储、配送、售后服务等各个环节的成本并回馈给顾客，并通过科学的价格管理，保证1号店的价格优惠。<br><br>&nbsp;&nbsp;&nbsp;&nbsp;&nbsp;&nbsp;&nbsp; 1号店已在北京、上海、广州、武汉、成都、泉州建立了运营中心，并在全国40多个城市建立了自配送物流体系。送货上门，配送快捷，并提供准时达、准点达等服务，以满足顾客快速收货的需求。1号店提供物流查询，货到付款和正规发票，同时保证退货无忧。<br><br>&nbsp;&nbsp;&nbsp;&nbsp;&nbsp;&nbsp;&nbsp; 目前，1号店已拥有超过1亿的注册用户，并拥有近5000万的移动端注册用户。1号店的网站流量已达到了每天近2000万人次。<br><br><br>&nbsp;&nbsp;&nbsp;&nbsp;&nbsp;&nbsp;&nbsp; 选择1号店，选择优质生活。<br><br><br>&nbsp;&nbsp;&nbsp;&nbsp;&nbsp;&nbsp;&nbsp; 1号店基础数据分享：<br><br><br>&nbsp;&nbsp;&nbsp;&nbsp;&nbsp;&nbsp;&nbsp; SKU数：超过800万<br><br><br>&nbsp;&nbsp;&nbsp;&nbsp;&nbsp;&nbsp;&nbsp; 员工数：10,000人<br><br><br>&nbsp;&nbsp;&nbsp;&nbsp;&nbsp;&nbsp;&nbsp; 运营中心：北京、上海、广州、成都、武汉、泉州<br><br><br>&nbsp;&nbsp;&nbsp;&nbsp;&nbsp;&nbsp;&nbsp; 仓储配送：全国仓库总面积为30万平米，在全国40个城市自建配送站点近200个，70%的业务由自建配送团队完成。在北京、天津、上海、广州、深圳、东莞、苏州、昆山等8个城市已实现当日达，全国166个城市实现次日达<br><br><br>&nbsp;&nbsp;&nbsp;&nbsp;&nbsp;&nbsp;&nbsp; 移动端：注册用户数近5000万，订单数占比超过40%<br>', 1448548175),
(8, '退换货政策', '201511275657bc8acb6934057.jpg', 1, '退换货政策总则<br>一、 无理由退货政策<br>&nbsp;&nbsp;&nbsp; 1. 1号店承诺，对于您（作为消费者）通过1号店网站购买的商品，若商品能够保持出售时原状且配件、赠品（如有）齐全的，则自商品收货之日起，可享受“7天无理由退货”政策，您可在线进行申请退货；并需自行将商品寄回且承担相关运费；但根据法律规定及商品性质，如下商品不享受“7天无理由退货”政策： <br><br>&nbsp;&nbsp;&nbsp; （1）消费者定作商品；<br><br>&nbsp;&nbsp;&nbsp; （2）鲜活易腐商品，例如鲜花、绿植、果蔬、低温乳品、速冻食品等；<br><br>&nbsp;&nbsp;&nbsp; （3）在线下载或消费者拆封的音像制品、计算机软件等数字化商品；<br><br>&nbsp;&nbsp;&nbsp; （4）交付的报纸、期刊类商品；<br><br>&nbsp;&nbsp;&nbsp; （5）食用类商品，例如食品、保健品、饮料、药品、酒类、奶粉、婴儿辅食等；<br><br>&nbsp;&nbsp;&nbsp; （6）贵重类商品，例如钻石、贵金属、手表、珠宝、奢侈品等；<br><br>&nbsp;&nbsp;&nbsp; （7）个人护理、贴身类商品，例如计生用品、美护、内衣、贴身袜裤等；；<br><br>&nbsp;&nbsp;&nbsp; （8）虚拟类商品，例如礼品卡、手机充值、游戏点卡等充值类商品，以及门票、机票、旅游套餐等一次性消费服务类商品等；<br><br>&nbsp;&nbsp;&nbsp; （9）特殊类商品，例如运营商合约手机以及二手品、处理品等；<br><br>&nbsp;&nbsp;&nbsp; （10）其他根据商品性质不宜退货的商品。<br><br>&nbsp;&nbsp;&nbsp; <br>', 1448588033),
(9, '什么是闪购', '201511275657bc328d8db170.jpg', 1, '一、什么是闪购<br>&nbsp;&nbsp;&nbsp; 闪购是一种“品牌正品、深度折扣”和“限时限量”的销售形式，但对品牌和货品的选择将作出一定的改进。我们将为您更精心挑选货品和品牌，提供更给力的折扣，和更放心的品质保证。<br>&nbsp;&nbsp;&nbsp; 闪购的愿景是为用户带来精致，高品质的生活方式。以用户承担得起的价格，提供更有价值的商品和服务。<br><br>二、用户指南<br><br>1、购买流程<br><br>&nbsp;&nbsp;&nbsp; a.注册/登陆<br><br>&nbsp;&nbsp;&nbsp; 亲爱的顾客，如果您是第一次来到1号店，敬请体验1号店的免费快捷注册<br><br>&nbsp;&nbsp;&nbsp; b.找到1号闪购频道，进入并找到您想要的商品<br><br>&nbsp;&nbsp;&nbsp; 全场包邮哦<br><br>&nbsp;&nbsp;&nbsp; c.加入购物车<br><br>&nbsp;&nbsp;&nbsp; 点击加入购物车或一键闪购的按钮即可进行购物付款程序<br><br>&nbsp;&nbsp;&nbsp; d.提交订单<br><br>&nbsp;&nbsp;&nbsp; 确认收货地址<br><br>&nbsp;&nbsp;&nbsp; 选择支付方式<br><br>2、常见问题<br><br>&nbsp;&nbsp;&nbsp; a.闪购有哪些支付方式？<br><br>&nbsp;&nbsp;&nbsp; 目前闪购支持1号店所有的网络支付平台，比如支付宝、信用卡等支付方式。<br><br>&nbsp;&nbsp;&nbsp; b.购买闪购商品有积分吗？怎样获得积分？积分如何支付？<br><br>&nbsp;&nbsp;&nbsp; 购买闪购的商品是没有任何积分的。<br><br>&nbsp;&nbsp;&nbsp; c.参加闪购时，能同时享用其他优惠购物吗？<br><br>&nbsp;&nbsp;&nbsp; 可以，我们会在相关位置特别说明。<br><br>&nbsp;&nbsp;&nbsp; d.我购买的闪购商品，可以给其他人使用吗？<br><br>&nbsp;&nbsp;&nbsp; 当然可以！你可以在购买的时候填写他/她的信息，给他/她一个惊喜！<br><br>&nbsp;&nbsp;&nbsp; e.如果遇到闪购商品有质量问题，造成无法使用的情况怎么办？<br><br>&nbsp;&nbsp;&nbsp; 闪购接受由于商品质量问题引起的7天退货，一定会给消费者一个满意的售后服务。<br><br>3、品牌订阅<br>&nbsp;&nbsp;&nbsp; 闪购每日上午10点上新，会有强烈的限时限量感，好商品会快速售罄，我们为您提供品牌订阅功能，订阅后将会在卖场开售前短信通知，欢迎使用。<br>', 1448590386),
(10, '用户服务协议', '201511275657bd96602499363.jpg', 1, '感谢您成为一号店的注册用户。<br>&nbsp;&nbsp;&nbsp; 《1号店用户服务协议》（以下简称“本协议”）是由1号店网站(包括PC端、移动端及应用程序)的用户（以下简称“用户或您”）与1号店网站的运营方，即纽海电子商务（上海）有限公司及其关联公司（以下简称“1号店”）之间，就网站交易平台服务等相关事宜共同缔结。本协议具有合同效力，您应当阅读并遵守本协议。请您务必审慎阅读、充分理解各条款内容，特别是以黑体加粗形式提示您注意的条款。<br><br>一、 协议确认<br>&nbsp;&nbsp;&nbsp; 1、您同意并点击确认本协议条款并完成注册程序后，才能成为1号店的正式注册用户，并享受各类服务。<br>&nbsp;&nbsp;&nbsp; 2、根据国家法律法规变化及网站运营需要，1号店有权对本协议条款不时进行修改，修改后的协议一经发布并经您确认同意后即刻生效，并代替原来的协议。您可在1号店网站随时查阅最新协议。您若不同意更新后的协议，则将不能享受1号店依据本协议提供的各项服务。 <br>&nbsp;&nbsp;&nbsp; 3、本协议包括协议正文及所有1号店已经发布的，或未来可能发布或更新的各类规则，包括但不限于：《退换货政策》，《大宗商品购买政策》，《1号店抵用券使用规则》，《发票制度》，《会员制度》等。<br><br>&nbsp;&nbsp;&nbsp; 所有规则为本协议不可分割的组成部分，与本协议正文具有同等法律效力。在您申请注册成为1号店注册会员前，请仔细阅读本协议的正文内容及以上各类规则。<br>&nbsp;&nbsp;&nbsp; 4、在您完成用户注册程序后，即表示您自愿接受本协议，正式成为1号店的注册用户，并认可本协议全部条款内容。若您不同意本协议，或对本协议中的条款存在任何疑问，请您立即停止1号店用户注册程序，并可以选择不使用本网站服务。<br>&nbsp;&nbsp;&nbsp; 5、您点击同意本协议后，即视为您确认自己具有享受1号店服务、下单购物等相应的权利能力和行为能力，能够独立承担法律责任。<br>&nbsp;&nbsp;&nbsp; 6、1号店保留在法律允许的范围内独自决定拒绝服务、关闭用户账户、清除或编辑内容、取消订单的权利。<br><br>二、 账户管理<br>&nbsp;&nbsp;&nbsp; 1、您注册成功后，1号店会为您开通一个账户，作为您使用1号店服务的唯一身份标识。该账户的所有权归属于1号店，您仅拥有使用权。登录账户时，您可以使用您提供或确认的用户名、邮箱、手机号码或1号店允许的其他方式作为注册用户名进行登录，但在登录时您必须输入您设定并保管的账户密码。为保护您的权益，您在设定账户的密码时，请勿使用重复性或者连续数字的简单密码。请您对密码加以妥善保管，切勿将密码告知他人，因密码保管不善而造成的所有损失由您自行承担。<br>&nbsp;&nbsp;&nbsp; 2、 1号店只允许每位用户使用一个1号店网站账户。如有证据证明或1号店有理由相信您存在注册或使用多个1号店网站账户的情形，1号店有权采取冻结或关闭账户、取消订单、拒绝提供服务等措施，如给1号店网站及相关方造成损失的，您还应承担赔偿责任。<br>&nbsp;&nbsp;&nbsp; 3、您可以为您的账户设定昵称，但该昵称不得侵犯他人合法权益。如1号店认为您设定的昵称涉嫌侵犯他人合法权益的，1号店有权终止为您提供服务，并注销您的昵称。若您不再是1号店的注册用户，对于您的原注册账户的昵称，1号店可以将其开放给任意注册用户。<br>&nbsp;&nbsp;&nbsp; 4、您对通过您的账户所进行的活动、行为和事件依法享有权利和承担责任，且不得以任何形式转让账户、授权他人使用您的账户以及与他人交易账户。<br>&nbsp;&nbsp;&nbsp; 5、鉴于网络服务的特殊性，1号店无义务审核是否是您本人使用该组用户名及密码，仅审核用户名及密码是否与数据库中保存的一致，任何人只要输入的用户名及密码与数据库中保存的一致，即可凭借该组用户名及密码登陆并获得1号店所提供的各类服务，所以即使您认为您的账户登陆行为并非您本人所为，1号店将不承担因此而产生的任何责任。<br>&nbsp;&nbsp;&nbsp; 6、您可以通过在1号店网站参与商品评价、晒单、网站活动等方式获得积分、返利和抵用券。积分和抵用券都具有特定的使用规则和有效期，逾期将被清零；请您不时关注您账户中的积分和抵用券的有效期，在有效期届满前，1号店将不再另行作特别通知；1号店不对逾期清零的积分和抵用券负责。对于恶意购买和不正当手段获得的积分和抵用券，1号店有权作出独立判断并采取包含但不限于冻结您的用户账户或清空积分、抵用券等措施。<br>&nbsp;&nbsp;&nbsp; 7、若您在1号店成功注册账户后，连续24个月时间内未使用该账户(包括使用此账户订购商家商品，发表使用体验，参与商品讨论，参加1号店网站的有关活动以及使用其他服务)，则1号店有权对您的账户进行清理。<br><br>&nbsp;&nbsp;&nbsp; 8、用户向1号店提出注销账户申请，经1号店网站审核同意后，由1号店注销该用户账户，本协议即告终止。但在注销该用户账户后，1号店仍有权：<br><br>&nbsp;&nbsp;&nbsp; ① 保留该用户的注册信息及过往的全部交易行为记录；<br><br>&nbsp;&nbsp;&nbsp; ② 如用户在账户注销前在1号店上存在违法行为或违反本协议的行为，1号店仍可行使本协议所规定的权利。<br><br>&nbsp;&nbsp;&nbsp; 9、在下列情况下，1号店可以通过注销用户账户的方式单方解除本协议：<br><br>&nbsp;&nbsp;&nbsp; ① 在用户违反本协议相关规定时，1号店有权暂停或终止向该用户提供服务。如该用户在1号店暂停或终止提供服务后，再一次直接或间接或以他人名义注册为1号店网站用户的，则1号店有权再次暂停或终止向该用户提供服务；<br><br>&nbsp;&nbsp;&nbsp; ② 一经发现用户注册信息中的内容是虚假的，1号店即有权终止向该用户提供服务；<br><br>&nbsp;&nbsp;&nbsp; ③ 本协议修改或更新时，如用户表示不愿接受新的服务协议的，1号店有权终止向该用户提供服务；<br><br>&nbsp;&nbsp;&nbsp; ④ 1号店认为需终止提供服务的其他情况。<br><br>&nbsp;&nbsp;&nbsp; 10、用户理解并同意，即便在本协议终止及用户的服务被终止后，1号店仍有权：<br><br>&nbsp;&nbsp;&nbsp; ① 继续保存并使用您的用户信息；<br><br>&nbsp;&nbsp;&nbsp; ② 继续向用户主张在其使用1号店交易平台服务期间因违反法律法规、本协议及平台规则而应承担的责任。<br><br>三、 订单生效规则<br>&nbsp;&nbsp;&nbsp; 1、当您下订单时，请您仔细确认所购商品的名称、价格、数量、型号、规格、尺寸、联系地址、电话、收货人等信息。收货人与您本人不一致的，收货人的行为视为您的行为，您对收货人的行为承担连带责任。<br><br>&nbsp;&nbsp;&nbsp; 您提交订单即表示对订单中所确认的订购商品、收货地址等信息的准确性负责。如果因为您填写的收货人联系电话、地址等信息错误，导致商家（或商家委托的配送公司）将货物交付给非您本意的收货人的，由此造成的损失需由您自行承担。<br><br>&nbsp;&nbsp;&nbsp; 2、您理解并认可1号店网站上的订单成立规则：<br><br>&nbsp;&nbsp;&nbsp; ① 1号店网站上展示的商品信息（如商品名称、价格、商品描述等）仅构成要约邀请。当用户通过1号店网站订购商品，确定购买并成功提交订单时（订单内容应包含购买的商品数量、价格及支付方式、收货人、联系方式、收货地址等信息），即视为用户向商家发出了购买订单商品的要约。<br><br>&nbsp;&nbsp;&nbsp; ② 当商家通过1号店网站向用户发出电子邮件通知确认商品已发出，或商家已将商品发送至用户指定地址时，才构成商家对该订单的承诺，此时订购合同即告成立。<br><br>&nbsp;&nbsp;&nbsp; ③ 如果用户在一张订单中订购了多件商品，并且商家通过1号店网站只向用户发出了关于其中一部分商品确认发货的电子邮件，那么直到商家通过1号店网站发出关于其他部分商品确认发货的电子邮件，或商家将其他部分商品发送至用户指定地址时，关于其他部分商品的订购合同方告成立。<br>&nbsp;&nbsp;&nbsp; 3、商家仅向消费者提供商品销售服务，若您并非因生活消费购买商品，而是中间商、零售商或批发商，则商家有权单方取消订单。<br>&nbsp;&nbsp;&nbsp; 4、若您拟购买的商品超过网站内公示的购买数量限制，请您与1号店企业频道部或者相关第三方商家联系。对于您已经从非团购渠道或非第三方商家指定渠道提交的订单，商家有权单方予以取消。<br><br>&nbsp;&nbsp;&nbsp; 5、 您有权在下列情况下，取消订单：<br><br>&nbsp;&nbsp;&nbsp; ① 经与商家协商达成一致的；<br><br>&nbsp;&nbsp;&nbsp; ② 商家对用户订单做出承诺之前；<br><br>&nbsp;&nbsp;&nbsp; ③ 1号店网站上公布的商品价格发生变化或错误，用户在商家发货之前通知商家的。<br><br>&nbsp;&nbsp;&nbsp; 6、 商家在下列情况下，可以取消用户订单：<br><br>&nbsp;&nbsp;&nbsp; ① 经与顾客协商达成一致的；<br><br>&nbsp;&nbsp;&nbsp; ② 1号店网站上显示的商品信息明显错误或缺货的；<br><br>&nbsp;&nbsp;&nbsp; ③ 用户订单信息明显错误或用户订购数量超出商家备货量的。<br><br>&nbsp;&nbsp;&nbsp; 7、 1号店在下列情况下，亦可取消用户订单：<br><br>&nbsp;&nbsp;&nbsp; ① 因不可抗力、1号店网站系统发生故障或遭受第三方攻击，及其他1号店网站无法控制的情形，根据1号店网站判断需要取消用户订单的；<br><br>&nbsp;&nbsp;&nbsp; ② 经1号店网站判断，用户订购行为不符合公平原则或诚实信用原则的情形；<br><br>&nbsp;&nbsp;&nbsp; ③ 按1号店网站已经发布的或将来可能发布或更新的各类规则，可取消用户订单的其他情形。<br>', 1448590742),
(11, '积分获得', '201511275657be552b3716850.jpg', 1, '一、积分获得<br><br>&nbsp;&nbsp;&nbsp; 购买1号店自营商品<br><br>&nbsp;&nbsp;&nbsp; 1．仅限购买1号店自营的商品才能获得积分。<br><br>&nbsp;&nbsp;&nbsp; 2．积分以提交订单时获得的积分为准，实际支付2元获得1个积分，计算取整舍去小数，单件商品最高可获得300积分。<br><br>&nbsp;&nbsp;&nbsp; 3．客户购物且订单生成后，积分将自动打入客户的积分帐户，状态为冻结，此时积分不可用。当客户此次购物为有效购物后，积分变为完成状态，便可以使用。<br><br>&nbsp;&nbsp;&nbsp; （注：礼品卡作为1号店特殊商品不设置购买积分，即购买礼品卡时不奖励任何积分，但使用礼品卡购买其他1号店商品时可以获得相应的购物积分。）<br><br>&nbsp;&nbsp;&nbsp; 评论1号店商品（包含自营和商城）<br><br>&nbsp;&nbsp;&nbsp; 基本积分：<br><br>&nbsp;&nbsp;&nbsp; 1．您购物成功后可以对所购的商品进行评论，单个订单中的商品可在下单24小时后评论（有效期59天），且只能参与一次评论；每条评论展示后可获得相应积分：<br><br>&nbsp;&nbsp;&nbsp; 商品类型 &nbsp;&nbsp;&nbsp; 商品金额≤200元 &nbsp;&nbsp;&nbsp; 200元＜商品金额＜1000元 &nbsp;&nbsp;&nbsp; 商品金额≥1000元<br>&nbsp;&nbsp;&nbsp; 家电或3C类商品 &nbsp;&nbsp;&nbsp; 12分 &nbsp;&nbsp;&nbsp; 32分 &nbsp;&nbsp;&nbsp; 62分<br>&nbsp;&nbsp;&nbsp; 食品类、百货类 &nbsp;&nbsp;&nbsp; 2分<br><br>&nbsp;&nbsp;&nbsp; 2．微信评论—打开1号店服务号，点击键盘输入“评论”字样可获得提示；<br><br>&nbsp;&nbsp;&nbsp; 积分奖励：<br><br>&nbsp;&nbsp;&nbsp; 1. 首次成功下单可获得双倍积分；<br><br>&nbsp;&nbsp;&nbsp; 2. APP、微信评论可获得双倍积分；（不可与如下奖励累计获得）<br><br>&nbsp;&nbsp;&nbsp; 3. 自营商品的优质评论将有机会被加精、置顶展示，并可最多获得积分50分额外奖励；<br><br>&nbsp;&nbsp;&nbsp; 4. 自营食品、百货类的部分商品，页面前30条被展示的评论，将额外获得15倍积分；（可与置顶奖励累计获得）<br><br>&nbsp;&nbsp;&nbsp; 5. 自营家电或3C类商品，页面前5条被展示的评论，将额外获得10积分；（可与置顶奖励累计获得）<br><br>&nbsp;&nbsp;&nbsp; 6. 自营和商城的商品，发表晒照片的评论被展示后将额外获得10积分；<br><br>&nbsp;&nbsp;&nbsp; 7. 商城每个商品前5条被展示的评论，将额外获得10积分；<br><br>&nbsp;&nbsp;&nbsp; 签到及验证邮箱<br><br>&nbsp;&nbsp;&nbsp; 1．每天在 "积分商城"首页签到可获得5积分。如在1号店无购物记录，则6个月内只能签到7次。<br><br>&nbsp;&nbsp;&nbsp; 2．验证个人邮箱可一次性获得100积分。<br>二、积分使用途径<br>&nbsp;&nbsp;&nbsp; 1．客户可以用积分至1号店 "积分商城"频道免费兑换或积分+现金的形式购买特惠专享商品。<br>&nbsp;&nbsp;&nbsp; 2．积分还可至 1号券平台兑换抵用券，但请注意抵用券有有效期限，请在有效期内使用，积分所兑换的抵用券逾期不使用，积分将不予退还。<br>&nbsp;&nbsp;&nbsp; 3．积分不可用于兑换现金，仅限参加1号店指定兑换物品、参与积分抽奖活动。<br>&nbsp;&nbsp;&nbsp; 4．如客户在1号店网站上作出违反1号店服务协议的行为，1号店将有权利取消注销客户用户的账户及积分。<br>三、积分的交易状态说明<br><br>&nbsp;&nbsp;&nbsp; 1.冻结：<br><br>&nbsp;&nbsp;&nbsp; 订单生成到订单完成过程中，购物积分将显示为冻结状态；暂时不可使用；<br><br>&nbsp;&nbsp;&nbsp; 2.取消：<br><br>&nbsp;&nbsp;&nbsp; 当您取消订单，则相应的购物积分状态显示为取消，这部分积分将从您的积分冻结帐户中扣除。<br><br>&nbsp;&nbsp;&nbsp; 3.完成：<br><br>&nbsp;&nbsp;&nbsp; 当购物流程完成，冻结积分会转化为可用积分，此时积分可在1号店消费<br><br>&nbsp;&nbsp;&nbsp; 4.积分何时解冻：<br><br>&nbsp;&nbsp;&nbsp; 当订单状态为：客户已收到或换货完成，退货完成和订单完成，积分会自动解冻成为可用积分<br><br>&nbsp;&nbsp;&nbsp; 即：下单后最迟15天积分会自动解冻。若订单中途换货，则积分会在申请换货9天后自动解冻 。<br>四、积分的有效期说明<br>&nbsp;&nbsp;&nbsp; 您在1号店通过各种途径获得的积分是可以累积的，但是请注意积分的有效期时间。我们将在每年的7月31日对您在上一个年度获得的未使用的有效积分进行过期处理，过期没使用的有效积分将自动作废。 例：2013年7月31日将清空2013年1月1日之前所获得未使用的有效积分。<br>', 1448590933);

-- --------------------------------------------------------

--
-- 表的结构 `s36_address`
--

CREATE TABLE IF NOT EXISTS `s36_address` (
  `id` int(10) unsigned NOT NULL AUTO_INCREMENT,
  `name` varchar(255) DEFAULT NULL,
  `address` varchar(255) DEFAULT NULL,
  `mobile` varchar(255) DEFAULT NULL,
  `phone` varchar(255) DEFAULT NULL,
  `email` varchar(255) DEFAULT NULL,
  `user_id` int(10) unsigned NOT NULL,
  `status` tinyint(4) NOT NULL DEFAULT '0',
  PRIMARY KEY (`id`)
) ENGINE=MyISAM  DEFAULT CHARSET=utf8 AUTO_INCREMENT=10 ;

--
-- 转存表中的数据 `s36_address`
--

INSERT INTO `s36_address` (`id`, `name`, `address`, `mobile`, `phone`, `email`, `user_id`, `status`) VALUES
(1, '赵六', '北京,市辖区,东城区,不知名地址', '81345678900', '67890000', '67890000@qq.com', 1, 0),
(2, '京东', '宁夏,银川市,兴庆区,设为默认发货地址设为默认发货地址设为默认发货地址', '13455665555', '23456785', 'eeee@ddd.com', 1, 0),
(6, '测试人', '浙江,杭州市,下城区,测试地址', '12345678', '12345678', '1234567@qq.com', 12, 0),
(5, '七七吧', '浙江,宁波市,江东区,商会大厦1089室', '1234567', '1234567', '1234567@qq.com', 1, 1),
(7, 'testuser', '北京,市辖区,东城区,11111111111111111111111111', '1111', '111', 'test@qq.com', 13, 0),
(8, '用户四', '北京,县,密云县,用户四的地址', '13444444444', '88888888888', 'test@qq.com', 14, 0),
(9, '测试人', '上海,市辖区,黄浦区,测试地址', '13444444444', '12345678', 'test@qq.com', 14, 0);

-- --------------------------------------------------------

--
-- 表的结构 `s36_category`
--

CREATE TABLE IF NOT EXISTS `s36_category` (
  `id` int(10) unsigned NOT NULL AUTO_INCREMENT,
  `name` varchar(255) DEFAULT NULL,
  `pid` int(10) unsigned DEFAULT '0',
  `path` varchar(255) DEFAULT NULL,
  `display` tinyint(4) NOT NULL DEFAULT '1',
  PRIMARY KEY (`id`)
) ENGINE=MyISAM  DEFAULT CHARSET=utf8 AUTO_INCREMENT=73 ;

--
-- 转存表中的数据 `s36_category`
--

INSERT INTO `s36_category` (`id`, `name`, `pid`, `path`, `display`) VALUES
(72, '五级润滑油', 71, '0,26,31,70,71,', 1),
(61, 'CD/DVD', 42, '0,27,42,', 1),
(62, '低音炮', 42, '0,27,42,', 1),
(63, '发烧改装件', 42, '0,27,42,', 1),
(64, '智能驾驶', 27, '0,27,', 1),
(70, '壳牌润滑油', 31, '0,26,31,', 1),
(71, '四级润滑油', 70, '0,26,31,70,', 1),
(26, '维修保养', 0, '0,', 1),
(27, '车载电器', 0, '0,', 1),
(28, '美容清洗', 0, '0,', 1),
(29, '汽车装饰', 0, '0,', 1),
(30, '安全自驾', 0, '0,', 1),
(31, '润滑油', 26, '0,26,', 1),
(32, '滤清器', 26, '0,26,', 1),
(33, '刹车片盘', 26, '0,26,', 1),
(34, '防冻液', 26, '0,26,', 1),
(35, '轮胎', 26, '0,26,', 1),
(36, '雨刷', 26, '0,26,', 1),
(37, '行车记录', 27, '0,27,', 1),
(38, '导航仪', 27, '0,27,', 1),
(39, '倒车雷达', 27, '0,27,', 1),
(40, '吸尘器', 27, '0,27,', 1),
(41, '净化器', 27, '0,27,', 1),
(42, '时尚影音', 27, '0,27,', 1),
(43, '清洁剂', 28, '0,28,', 1),
(44, '玻璃水', 28, '0,28,', 1),
(45, '洗车工具', 28, '0,28,', 1),
(46, '车蜡', 28, '0,28,', 1),
(47, '补漆笔', 28, '0,28,', 1),
(48, '坐垫座套', 29, '0,29,', 1),
(49, '脚垫', 29, '0,29,', 1),
(50, '空气净化', 29, '0,29,', 1),
(51, '车衣', 29, '0,29,', 1),
(52, '香水', 29, '0,29,', 1),
(53, '充气泵', 30, '0,30,', 1),
(54, '灭火器', 30, '0,30,', 1),
(55, '工兵铲', 30, '0,30,', 1),
(56, '除雪铲', 30, '0,30,', 1),
(57, '方向盘锁', 30, '0,30,', 1),
(58, '安全锤', 30, '0,30,', 1),
(59, '拖车绳', 30, '0,30,', 1),
(60, '电瓶线', 30, '0,30,', 1);

-- --------------------------------------------------------

--
-- 表的结构 `s36_goods`
--

CREATE TABLE IF NOT EXISTS `s36_goods` (
  `id` int(10) unsigned NOT NULL AUTO_INCREMENT,
  `name` varchar(255) DEFAULT NULL,
  `cate_id` int(10) unsigned NOT NULL,
  `price` decimal(10,2) NOT NULL DEFAULT '0.00',
  `stock` int(10) unsigned NOT NULL DEFAULT '0',
  `sell` int(10) unsigned NOT NULL DEFAULT '0',
  `status` tinyint(4) NOT NULL DEFAULT '0',
  `is_hot` tinyint(4) NOT NULL DEFAULT '0',
  `is_new` tinyint(4) NOT NULL DEFAULT '0',
  `is_best` tinyint(4) NOT NULL DEFAULT '0',
  `addtime` int(10) unsigned NOT NULL DEFAULT '0',
  `describe` text,
  `views` int(10) unsigned NOT NULL DEFAULT '0',
  PRIMARY KEY (`id`)
) ENGINE=MyISAM  DEFAULT CHARSET=utf8 AUTO_INCREMENT=36 ;

--
-- 转存表中的数据 `s36_goods`
--

INSERT INTO `s36_goods` (`id`, `name`, `cate_id`, `price`, `stock`, `sell`, `status`, `is_hot`, `is_new`, `is_best`, `addtime`, `describe`, `views`) VALUES
(10, '卡饰社 汽车坐垫 冬季汽车坐垫 加热坐垫 智能衡温型保暖座垫 黑色CS-27110', 48, '79.00', 10, 0, 1, 1, 1, 1, 1447822634, '两件8折！返场也有料.自营装饰自驾车品,任选两件打8折', 3),
(5, '壳牌（Shell）蓝喜力Helix HX7 5W-40 合成机油 SN 4L', 31, '218.00', 10, 1, 1, 1, 1, 1, 1447766324, '合成技术润滑油，清洁保护，启停高效随心，有效保护引擎！', 19),
(6, '倍耐力雪地胎 225/50R17 W-IceC XL 98T', 35, '879.00', 110, 0, 1, 0, 1, 1, 1447766756, '品牌品质双保障，线上购买，线下免费安装！请放心选购！', 9),
(7, '经典福克斯/12款后新福克斯1.8排量（前挡对装）专车专用雨刮器', 36, '79.00', 20, 0, 1, 0, 0, 1, 1447767050, '品牌品质双保证！请放心购买！具体适配车型请参考介绍页面适配车型表！', 1),
(8, '飞利浦（PHILIPS） 行车记录仪 ADR800 超值套装版（内含32G TF卡）', 37, '599.00', 11, 0, 1, 1, 1, 1, 1447767347, '快递很给力，第一天定的货，第二天就到了，服务很好。安装方便，画质清晰，线也够长。反应很灵敏，车停的时候人在里面动一下都能检测到。操作简单，易懂。视野很宽，前挡旁的两个A柱都能看到。大品牌就是不一样。以后还会支持飞利浦', 1),
(9, 'ACCO艾酷Y900安卓GPS导航仪行车记录仪电子狗倒车一体机', 38, '759.00', 233, 0, 1, 0, 1, 1, 1447767578, '地图终身免费1080P高清 带倒车接口 送16G外置高速卡 内置16G 双地图', 2),
(11, '快美特（CARMATE）汽车车载车用固体香水消臭剂 露力 茉莉＆香梨 棕色', 52, '48.00', 4, 0, 1, 1, 1, 1, 1447822752, '两件8折！返场也有料.自营装饰自驾车品,任选两件打8折', 15),
(12, '朗龙 汽车香水 车载挂饰精油 车用香水挂件 高档摆件 比特 晶钻', 52, '98.00', 5, 0, 1, 0, 1, 1, 1447822848, '朗龙车香问世畅销八年 好品质敢承诺 天然植物精油 通过欧洲药典认证 ！', 1),
(13, '朗龙 汽车香水试闻体验装 试闻香味 车用香水 体验试闻装 比特体验装', 52, '9.00', 1000, 0, 1, 0, 1, 1, 1447822988, '任意购买一款朗龙香水均送试闻装 多买多送', 1),
(14, '卡耐(CONNER)银盾车衣 3L卡罗拉 科鲁兹 马自达6 速腾 明锐 朗逸 凯越 桑塔纳 ', 51, '69.00', 111, 0, 1, 0, 1, 1, 1447823137, '两件8折！返场也有料.自营装饰自驾车品,任选两件打8折', 0),
(17, '铁将军 智感910无线外置胎压监测 太阳能汽车轮胎TPMS胎压监测系统', 53, '799.00', 22, 0, 1, 0, 1, 0, 1447898930, '铁将军 智感910无线外置胎压监测 太阳能汽车轮胎TPMS胎压监测系统', 5),
(18, '谋福旗下 大卫车载灭火器车用灭火器 干粉灭火器 汽车专用灭火器 11件套司机维修组套', 54, '280.00', 44, 0, 1, 0, 1, 0, 1447899011, '谋福旗下 大卫车载灭火器车用灭火器 干粉灭火器 汽车专用灭火器 11件套司机维修组套', 3),
(15, '索菲尔 汽车方向盘锁防盗锁汽车锁具棒球锁车头锁防身用品车把锁ay10改装专用棒球锁棍 方向盘棒球锁 东风风神A60', 57, '88.00', 77, 0, 1, 0, 1, 0, 1447823281, '索菲尔 汽车方向盘锁防盗锁汽车锁具棒球锁车头锁防身用品车把锁ay10改装专用棒球锁棍 方向盘棒球锁 东风风神A60', 1),
(19, '著牌 (SUPA) MF08A 多功能汽车应急启动电源 车载移动电源/充电宝 8000毫安 橙色', 53, '199.00', 22, 1, 1, 0, 1, 0, 1447899096, '著牌 (SUPA) MF08A 多功能汽车应急启动电源 车载移动电源/充电宝 8000毫安 橙色', 13),
(20, '凯驰（karcher）K3.190高压洗车机 家用洗车器 220V自吸式高压清洗机 高压水枪 15米套装版', 45, '1299.00', 45, 0, 1, 0, 1, 0, 1447899189, '凯驰（karcher）K3.190高压洗车机 家用洗车器 220V自吸式高压清洗机 高压水枪 15米套装版', 6),
(21, '丹麦力奇（Nilfisk） 家用高压洗车器 洗车机 自吸式 C100.6-6', 45, '599.00', 3, 0, 1, 1, 0, 0, 1448039721, '高配版 旋风喷嘴+6米高压管+小水斧喷头+高压喷壶+高压清洁刷+非原装5米进水管及接头', 5),
(22, 'AutoBot 车车智能 车载支架智能车充套装 车载出风口手机塑胶材质支架 双USB输出 电子狗 智能导航车充', 64, '120.00', 2, 1, 1, 1, 0, 1, 1448040062, 'AutoBot 车车智能 车载支架智能车充套装 车载出风口手机塑胶材质支架 双USB输出 电子狗 智能导航车充', 33),
(23, '淮海 MFZ/ABC4 车载灭火器 汽车用 家用手提式干粉灭火器 消防器材 灭火器4公斤', 54, '99.00', 8, 0, 1, 0, 1, 0, 1448040270, '淮海 MFZ/ABC4 车载灭火器 汽车用 家用手提式干粉灭火器 消防器材 灭火器4公斤', 2),
(24, '奥克龙 N2 N2+ 汽车安全锤 破窗器 救生锤 逃生锤 应急消防锤 全金属 精钢打造 N2+钨钢锤尖', 58, '43.00', 99, 0, 1, 1, 0, 0, 1448040527, '奥克龙 N2 N2+ 汽车安全锤 破窗器 救生锤 逃生锤 应急消防锤 全金属 精钢打造 N2+钨钢锤尖', 14),
(25, '趣行 高反光车身反光标识 国标3C认证汽车红白反光膜胶带卡车挂车反光条货车反光警示贴 卷装6米', 51, '28.00', 10, 0, 0, 0, 0, 1, 1448040725, '趣行 高反光车身反光标识 国标3C认证汽车红白反光膜胶带卡车挂车反光条货车反光警示贴 卷装6米', 0),
(26, '米其林(MICHELIN) 9001ML 车载扩展电源车充 一拖二 点烟器USB车载充电器', 53, '79.00', 4, 0, 1, 0, 1, 1, 1448040940, '米其林(MICHELIN) 9001ML 车载扩展电源车充 一拖二 点烟器USB车载充电器', 160),
(27, '凌度F8行车记录仪安霸A7 轨道偏移预警 前车预警 爵士黑', 37, '699.00', 13, 0, 1, 0, 1, 0, 1448605305, '凌度F8行车记录仪安霸A7 轨道偏移预警 前车预警 爵士黑<br>', 5),
(28, '任E行C7 行车记录仪 高清1080P夜视广角170度 单/双镜头重力感应 宽动态迷你隐身 单镜头(不含内存卡)', 37, '499.00', 44, 1, 1, 0, 1, 0, 1448605686, '任E行C7 行车记录仪 高清1080P夜视广角170度 单/双镜头重力感应 宽动态迷你隐身 单镜头(不含内存卡)<br>', 2),
(29, '坦克（Tanked Racing）头盔T523电动车摩托车头盔女时尚安全帽半盔四季通用（XL 白色 莫妮卡）', 58, '148.00', 33, 0, 1, 0, 1, 0, 1448606108, '坦克（Tanked Racing）头盔T523电动车摩托车头盔女时尚安全帽半盔四季通用（XL 白色 莫妮卡）<br>', 1),
(30, '坦克（Tanked Racing）头盔T523电动车摩托车头盔女时尚安全帽半盔四季通用（XL 亚黑 蝶影）', 58, '148.00', 33, 0, 1, 0, 1, 0, 1448606282, '坦克（Tanked Racing）头盔T523电动车摩托车头盔女时尚安全帽半盔四季通用（XL 亚黑 蝶影）<br>', 0),
(31, 'Naturehike-NH 新款户外骑行背包 日行男女通用 运动双肩包 带头盔网罩徒步背包 天蓝色', 57, '78.00', 19, 0, 1, 0, 1, 0, 1448609770, 'Naturehike-NH 新款户外骑行背包 日行男女通用 运动双肩包 带头盔网罩徒步背包 天蓝色<br>', 0),
(32, '英国Greenbreath太阳能车载空气净化器 汽车负离子氧吧香薰除PM2.5赠加湿器 白', 41, '449.00', 34, 0, 1, 0, 1, 1, 1448610019, '英国Greenbreath太阳能车载空气净化器 汽车负离子氧吧香薰除PM2.5赠加湿器 白<br>', 4),
(33, '澳得迈（AODMA）智能汽车车载空气净化器 除味除甲醛PM2.5雾霾 珍珠白', 41, '589.00', 77, 0, 0, 0, 0, 0, 1448610659, '澳得迈（AODMA）智能汽车车载空气净化器 除味除甲醛PM2.5雾霾 珍珠白<br>', 0),
(34, '合抱 汽车座垫套四季全包新经典福克斯科鲁兹高尔夫明锐起亚英朗逸捷达 汽车座套帕萨特速迈腾 极炫黑', 48, '499.00', 65, 0, 1, 0, 1, 0, 1448611160, '合抱 汽车座垫套四季全包新经典福克斯科鲁兹高尔夫明锐起亚英朗逸捷达 汽车座套帕萨特速迈腾 极炫黑<br>', 2),
(35, '快美特（CARMATE）汽车车载车用液体香水消臭剂 海洋魅力 海洋味 蓝色', 52, '38.00', 38, 0, 1, 0, 1, 0, 1448612034, '快美特（CARMATE）汽车车载车用液体香水消臭剂 海洋魅力 海洋味 蓝色<br>', 1);

-- --------------------------------------------------------

--
-- 表的结构 `s36_image`
--

CREATE TABLE IF NOT EXISTS `s36_image` (
  `id` int(10) unsigned NOT NULL AUTO_INCREMENT,
  `name` varchar(255) NOT NULL DEFAULT '',
  `goods_id` int(10) unsigned NOT NULL DEFAULT '0',
  `is_face` tinyint(4) NOT NULL DEFAULT '0',
  PRIMARY KEY (`id`)
) ENGINE=MyISAM  DEFAULT CHARSET=utf8 AUTO_INCREMENT=110 ;

--
-- 转存表中的数据 `s36_image`
--

INSERT INTO `s36_image` (`id`, `name`, `goods_id`, `is_face`) VALUES
(26, '20151117564b29dc2dfbc8904.jpg', 5, 0),
(24, '20151117564b299430ccb6093.jpg', 5, 1),
(25, '20151117564b29be292768642.jpg', 5, 0),
(23, '20151117564b29349ab0b427.jpg', 5, 0),
(54, '20151118564c05ffcd022612.jpg', 12, 1),
(55, '20151118564c061d3dfa9134.jpg', 10, 0),
(52, '20151118564c052aa7d548289.jpg', 10, 1),
(53, '20151118564c05a0602325539.jpg', 11, 0),
(27, '20151117564b29f818ed53467.jpg', 5, 0),
(28, '20151117564b2a182a3915338.jpg', 5, 0),
(29, '20151117564b2a51df6654438.jpg', 5, 0),
(30, '20151117564b2ae4392b85997.jpg', 6, 1),
(31, '20151117564b2b0da8cc92281.jpg', 6, 0),
(32, '20151117564b2b2c2b69e5477.jpg', 6, 0),
(33, '20151117564b2b51179487365.jpg', 6, 0),
(34, '20151117564b2b679a09c9524.jpg', 6, 0),
(35, '20151117564b2c0a339a88117.jpg', 7, 1),
(36, '20151117564b2c2a95faf2016.jpg', 7, 0),
(37, '20151117564b2c461df8f7943.jpg', 7, 0),
(38, '20151117564b2c5f1d64f8002.jpg', 7, 0),
(39, '20151117564b2c7dde27f7369.jpg', 7, 0),
(40, '20151117564b2d32edb8b6215.jpg', 8, 1),
(41, '20151117564b2d4df3cb9195.jpg', 8, 0),
(42, '20151117564b2d5f36b927993.jpg', 8, 0),
(43, '20151117564b2d786aefd6390.jpg', 8, 0),
(44, '20151117564b2d8d7aafa8556.jpg', 8, 0),
(45, '20151117564b2e1aa6f18308.jpg', 9, 1),
(46, '20151117564b2e3a0a5301074.jpg', 9, 0),
(47, '20151117564b2e9a0abce9790.jpg', 9, 0),
(48, '20151117564b2ead115e33227.jpg', 9, 0),
(49, '20151117564b2ec0bc2738516.jpg', 9, 0),
(56, '20151118564c068c7c86b8406.jpg', 13, 1),
(57, '20151118564c072183c286928.jpg', 14, 1),
(58, '20151118564c07475f187542.jpg', 14, 0),
(59, '20151118564c07b129db27057.jpg', 15, 1),
(60, '20151118564c07dab38fd1647.jpg', 15, 0),
(62, '20151119564d2f326ae196900.jpg', 17, 1),
(63, '20151119564d2f832086b1344.jpg', 18, 1),
(64, '20151119564d2fd8b6e811717.jpg', 19, 1),
(65, '20151119564d3035903088119.jpg', 20, 1),
(66, '20151120564e72a9946076298.jpg', 11, 1),
(67, '20151121564f5529148aa2136.jpg', 21, 1),
(70, '20151121564f55bc7d4ac2250.jpg', 21, 0),
(71, '20151121564f55e85a11c3115.jpg', 21, 0),
(72, '20151121564f567db892c6131.jpg', 22, 1),
(73, '20151121564f56a920c3d633.jpg', 22, 0),
(74, '20151121564f574e315227776.jpg', 23, 1),
(75, '20151121564f57845513d1573.jpg', 23, 0),
(76, '20151121564f57a52daa59444.jpg', 23, 0),
(77, '20151121564f584f6876b2232.jpg', 24, 1),
(78, '20151121564f588bbbe612951.jpg', 24, 0),
(79, '20151121564f5915760f24868.jpg', 25, 1),
(80, '20151121564f5942b61299295.jpg', 25, 0),
(81, '20151121564f59ebe37337044.jpg', 26, 1),
(82, '20151121564f5a14776517063.jpg', 26, 0),
(83, '20151121564f5a31ca6363403.jpg', 26, 0),
(84, '20151121564f5a4f7407d5181.jpg', 26, 0),
(85, '20151121564f5a6783b85314.jpg', 26, 0),
(86, '201511275657f6796c9c37391.jpg', 27, 1),
(87, '201511275657f701b65de6141.jpg', 27, 0),
(88, '201511275657f701c0d261343.jpg', 27, 0),
(89, '201511275657f701c15ca9932.jpg', 27, 0),
(90, '201511275657f7f6a70502448.jpg', 28, 1),
(91, '201511275657f81d14d1c7584.jpg', 28, 0),
(92, '201511275657f81d156c61253.jpg', 28, 0),
(93, '201511275657f81d1ee612286.jpg', 28, 0),
(94, '201511275657f99c59d1a9573.jpg', 29, 1),
(95, '201511275657f9b51b79a4841.jpg', 29, 0),
(96, '201511275657fa4a325a93379.jpg', 30, 1),
(97, '201511275657fa627aff16586.jpg', 30, 0),
(98, '20151127565807eaa04557122.jpg', 31, 1),
(99, '201511275658080946d5a573.jpg', 31, 0),
(100, '20151127565808e2df179175.jpg', 32, 1),
(101, '2015112756580913067c85063.jpg', 32, 0),
(102, '201511275658092e784128929.jpg', 32, 0),
(103, '2015112756580b632ce6c3378.jpg', 33, 1),
(104, '2015112756580b84143ae4206.jpg', 33, 0),
(105, '2015112756580d582678b1944.jpg', 34, 1),
(106, '2015112756580d88d87184492.jpg', 34, 0),
(107, '2015112756580d9335a1b9257.jpg', 34, 0),
(108, '20151127565810c2520888199.jpg', 35, 1),
(109, '20151127565810fe875846941.jpg', 35, 0);

-- --------------------------------------------------------

--
-- 表的结构 `s36_order`
--

CREATE TABLE IF NOT EXISTS `s36_order` (
  `id` int(10) unsigned NOT NULL AUTO_INCREMENT,
  `order_id` char(255) DEFAULT NULL,
  `name` varchar(255) DEFAULT NULL,
  `address` varchar(255) DEFAULT NULL,
  `mobile` varchar(255) DEFAULT NULL,
  `phone` varchar(255) DEFAULT NULL,
  `email` varchar(255) DEFAULT NULL,
  `user_id` int(10) unsigned NOT NULL,
  `total` decimal(10,2) NOT NULL DEFAULT '0.00',
  `addtime` int(10) unsigned NOT NULL DEFAULT '0',
  `status` tinyint(4) NOT NULL DEFAULT '0',
  `note` varchar(255) DEFAULT NULL,
  PRIMARY KEY (`id`),
  UNIQUE KEY `order_id` (`order_id`)
) ENGINE=MyISAM  DEFAULT CHARSET=utf8 AUTO_INCREMENT=23 ;

--
-- 转存表中的数据 `s36_order`
--

INSERT INTO `s36_order` (`id`, `order_id`, `name`, `address`, `mobile`, `phone`, `email`, `user_id`, `total`, `addtime`, `status`, `note`) VALUES
(1, '20151120105314564e8b1aee71f738', '张三', '上海市咋北区', NULL, '13888888888', '13888888888@qq.com', 1, '599.00', 0, 1, NULL),
(2, '20151120114233269', '李四', '上海市徐汇区', NULL, '13777777777', '13777777777@ ', 1, '1696.00', 0, 1, NULL),
(3, '20151120125404301', '王五', '上海市杨浦区', NULL, '13666666666', '13666666666@qq.com', 1, '1744.00', 1447995227, 2, '1447995227'),
(4, '20151120141512941', '小健', '商品名称商品名称', NULL, '12345678909', '123456@qq.com', 1, '1744.00', 1447998886, 3, '备注'),
(5, '20151122033452551', '京东', '宁夏,银川市,兴庆区,设为默认发货地址设为默认发货地址设为默认发货地址', '13455665555', '23456785', '', 1, '839.00', 1448134424, 1, ''),
(6, '20151122033802143', '七七吧', '浙江,宁波市,江东区,商会大厦1089室', '1234567', '1234567', '1234567@qq.com', 1, '120.00', 1448134619, 1, '好'),
(7, '2015112203451561', '赵六', '北京,市辖区,东城区,不知名地址', '1345678900', '67890000', '', 1, '879.00', 1448135100, 2, ''),
(8, '20151122132326300', '京东', '宁夏,银川市,兴庆区,设为默认发货地址设为默认发货地址设为默认发货地址', '13455665555', '23456785', '', 1, '767.00', 1448169787, -6, '看看看'),
(9, '20151122132732184', '赵六', '北京,市辖区,东城区,不知名地址', '1345678900', '67890000', '', 1, '1577.00', 1448170038, 2, '侃侃'),
(10, '20151122135651970', '赵六', '北京,市辖区,东城区,不知名地址', '1345678900', '67890000', '', 1, '43.00', 1448171804, 3, '去'),
(11, '20151122140930854', '京东', '宁夏,银川市,兴庆区,设为默认发货地址设为默认发货地址设为默认发货地址', '13455665555', '23456785', '', 1, '120.00', 1448172548, 3, 'd'),
(12, '20151122170257855', '京东', '宁夏,银川市,兴庆区,设为默认发货地址设为默认发货地址设为默认发货地址', '13455665555', '23456785', '', 1, '79.00', 1448182959, 5, '大灯'),
(13, '20151122235005540', '赵六', '北京,市辖区,东城区,不知名地址', '81345678900', '67890000', '', 1, '3317.00', 1448207390, 2, ''),
(15, '20151123201456536', '赵六', '北京,市辖区,东城区,不知名地址', '81345678900', '67890000', '', 1, '698.00', 1448280861, 2, 'd'),
(16, '20151123201604471', '赵六', '北京,市辖区,东城区,不知名地址', '81345678900', '67890000', '', 1, '120.00', 1448280948, 3, ''),
(17, '20151124163445972', '测试人', '浙江,杭州市,下城区,测试地址', '12345678', '12345678', '1234567@qq.com', 12, '199.00', 1448354014, 5, '呃呃呃'),
(18, '20151124225712753', 'testuser', '北京,市辖区,东城区,11111111111111111111111111', '1111', '111', 'test@qq.com', 13, '120.00', 1448377012, 2, '1111'),
(19, '20151127124312892', 'testuser', '北京,市辖区,东城区,11111111111111111111111111', '1111', '111', '', 13, '218.00', 1448599382, 5, 'u'),
(20, '20151127162126240', '用户四', '北京,县,密云县,用户四的地址', '13444444444', '88888888888', 'test@qq.com', 14, '699.00', 1448612428, 1, '没有'),
(21, '20151127204248375', '测试人', '上海,市辖区,黄浦区,测试地址', '13444444444', '12345678', '', 14, '499.00', 1448628159, 5, ''),
(22, '20151127211705901', '用户四', '北京,县,密云县,用户四的地址', '13444444444', '88888888888', '', 14, '879.00', 1448630180, 2, '');

-- --------------------------------------------------------

--
-- 表的结构 `s36_order_goods`
--

CREATE TABLE IF NOT EXISTS `s36_order_goods` (
  `id` int(10) unsigned NOT NULL AUTO_INCREMENT,
  `goods_id` int(10) unsigned NOT NULL,
  `price` decimal(10,2) NOT NULL DEFAULT '0.00',
  `num` int(10) unsigned NOT NULL DEFAULT '0',
  `order_id` int(10) unsigned NOT NULL,
  PRIMARY KEY (`id`)
) ENGINE=MyISAM  DEFAULT CHARSET=utf8 AUTO_INCREMENT=38 ;

--
-- 转存表中的数据 `s36_order_goods`
--

INSERT INTO `s36_order_goods` (`id`, `goods_id`, `price`, `num`, `order_id`) VALUES
(1, 8, '599.00', 1, 1),
(2, 8, '599.00', 1, 2),
(3, 6, '879.00', 1, 2),
(4, 5, '218.00', 1, 2),
(5, 8, '599.00', 1, 3),
(6, 6, '879.00', 1, 3),
(7, 5, '218.00', 1, 3),
(8, 11, '48.00', 1, 3),
(9, 8, '599.00', 1, 4),
(10, 6, '879.00', 1, 4),
(11, 5, '218.00', 1, 4),
(12, 11, '48.00', 1, 4),
(13, 22, '120.00', 2, 5),
(14, 8, '599.00', 1, 5),
(15, 22, '120.00', 1, 6),
(16, 6, '879.00', 1, 7),
(17, 22, '120.00', 1, 8),
(18, 21, '599.00', 1, 8),
(19, 11, '48.00', 1, 8),
(20, 19, '199.00', 1, 9),
(21, 20, '1299.00', 1, 9),
(22, 26, '79.00', 1, 9),
(23, 24, '43.00', 1, 10),
(24, 22, '120.00', 1, 11),
(25, 26, '79.00', 1, 12),
(26, 22, '120.00', 1, 13),
(27, 21, '599.00', 1, 13),
(28, 20, '1299.00', 2, 13),
(29, 23, '99.00', 1, 15),
(30, 21, '599.00', 1, 15),
(31, 22, '120.00', 1, 16),
(32, 19, '199.00', 1, 17),
(33, 22, '120.00', 1, 18),
(34, 5, '218.00', 1, 19),
(35, 27, '699.00', 1, 20),
(36, 28, '499.00', 1, 21),
(37, 6, '879.00', 1, 22);

-- --------------------------------------------------------

--
-- 表的结构 `s36_reply`
--

CREATE TABLE IF NOT EXISTS `s36_reply` (
  `id` int(10) unsigned NOT NULL AUTO_INCREMENT,
  `user_id` int(10) unsigned NOT NULL,
  `goods_id` int(10) unsigned NOT NULL,
  `order_id` int(10) unsigned NOT NULL,
  `status` tinyint(4) NOT NULL DEFAULT '0',
  `note` text,
  `pid` int(10) unsigned NOT NULL DEFAULT '0',
  `path` varchar(255) NOT NULL DEFAULT '0,',
  `addtime` int(10) unsigned NOT NULL DEFAULT '0',
  PRIMARY KEY (`id`)
) ENGINE=MyISAM  DEFAULT CHARSET=utf8 AUTO_INCREMENT=26 ;

--
-- 转存表中的数据 `s36_reply`
--

INSERT INTO `s36_reply` (`id`, `user_id`, `goods_id`, `order_id`, `status`, `note`, `pid`, `path`, `addtime`) VALUES
(1, 1, 26, 12, 1, '其实不怎么样。', 0, '0,', 1448262814),
(2, 1, 26, 12, 1, '上海兄弟连七连上海兄弟连七连上海兄弟连七连上海兄弟连七连上海兄弟连七连上海兄弟连七连上海兄弟连七连上海兄弟连七连上海兄弟连七连上海兄弟连七连上海兄弟连七连上海兄弟连七连上海兄弟连七连上海兄弟连七连上海兄弟连七连', 0, '0,', 1448265514),
(3, 1, 26, 12, 1, '上海兄弟连七连上海兄弟连七连上海兄弟连七连上海兄弟连七连上海兄弟连七连上海兄弟连七连上海兄弟连七连上海兄弟连七连上海兄弟连七连上海兄弟连七连上海兄弟连七连上海兄弟连七连上海兄弟连七连上海兄弟连七连上海兄弟连七连', 0, '0,', 1448265772),
(4, 1, 26, 12, 3, '差评黑丝黑丝', 0, '0,', 1448266925),
(5, 1, 26, 12, 3, '差评黑丝黑丝', 0, '0,', 1448267585),
(6, 1, 26, 12, 3, '差评黑丝黑丝', 0, '0,', 1448267593),
(7, 1, 26, 12, 1, '方法', 0, '0,', 1448267709),
(8, 1, 26, 12, 2, '方法可以了吗', 0, '0,', 1448267771),
(9, 1, 26, 12, 0, '单单评论。。。。', 0, '0,', 1448269500),
(10, 12, 19, 17, 1, '著牌 (SUPA) MF08A 多功能汽车应急启动电源 车载移动电源/充电宝 8000毫安 橙色', 0, '0,', 1448354182),
(23, 1, 19, 17, 0, '多功能汽车应急启动电源', 10, '0,10,', 1448608872),
(21, 1, 19, 17, 0, '看看去去', 10, '0,10,', 1448457757),
(22, 1, 19, 17, 0, '汽车应急启动电源', 10, '0,10,', 1448459374),
(14, 1, 26, 12, 0, '管理员回复', 9, '0,9,', 1448432623),
(24, 13, 5, 19, 2, '壳牌（Shell）蓝喜力Helix HX7 5W-40 合成机油 SN 4L', 0, '0,', 1448609218),
(16, 1, 26, 12, 0, '挺头疼头疼头疼头疼头疼头疼头疼', 1, '0,1,', 1448433624),
(17, 1, 26, 12, 0, '能用不', 1, '0,1,', 1448434247),
(19, 1, 26, 12, 0, '米其林(MICHELIN) 9001ML 车载扩展电源车充 一拖二 点烟器USB车载充电器', 0, '0,', 1448434765),
(20, 1, 26, 12, 0, 'ELIN) 9001ML 车载扩展电源车充 一拖二 点烟器USB车载充电器', 0, '0,', 1448434816),
(25, 14, 28, 21, 1, '非常好', 0, '0,', 1448628240);

-- --------------------------------------------------------

--
-- 表的结构 `s36_send`
--

CREATE TABLE IF NOT EXISTS `s36_send` (
  `id` int(10) unsigned NOT NULL AUTO_INCREMENT,
  `title` varchar(255) DEFAULT NULL,
  `image` varchar(255) DEFAULT NULL,
  `goods_id` int(10) unsigned NOT NULL,
  `cate_id` int(10) unsigned NOT NULL,
  `describe` text,
  `addtime` int(10) unsigned NOT NULL DEFAULT '0',
  `status` tinyint(4) NOT NULL DEFAULT '0',
  PRIMARY KEY (`id`)
) ENGINE=MyISAM  DEFAULT CHARSET=utf8 AUTO_INCREMENT=7 ;

--
-- 转存表中的数据 `s36_send`
--

INSERT INTO `s36_send` (`id`, `title`, `image`, `goods_id`, `cate_id`, `describe`, `addtime`, `status`) VALUES
(4, '奥克龙 N2 N2+ 汽车安全锤 破窗器 救生锤 逃生锤 应急消防锤 全金属 精钢打造 N2+钨钢锤尖', '201511275658099918e017632.jpg', 24, 58, '奥克龙 N2 N2+ 汽车安全锤 破窗器 救生锤 逃生锤 应急消防锤 全金属 精钢打造 N2+钨钢锤尖<br>', 1448608780, 1),
(2, 'AutoBot 车车智能 车载支架智能车充套装 车载出风口手机塑胶材质支架 双USB输出 电子狗 智能导航车充', '20151127565809f30cd674603.jpg', 22, 64, '<br>', 1448365857, 0),
(3, '索菲尔 汽车方向盘锁防盗锁汽车锁具棒球锁车头锁防身用品车把锁ay10改装专用棒球锁棍 方向盘棒球锁 东风风神A60', '201511245654731f615fd4598.jpg', 15, 57, '索菲尔 汽车方向盘锁防盗锁汽车锁具棒球锁车头锁防身用品车把锁ay10改装专用棒球锁棍 方向盘棒球锁 东风风神A60索菲尔 汽车方向盘锁防盗锁汽车锁具棒球锁车头锁防身用品车把锁ay10改装专用棒球锁棍 方向盘棒球锁 东风风神A60索菲尔 汽车方向盘锁防盗锁汽车锁具棒球锁车头锁防身用品车把锁ay10改装专用棒球锁棍 方向盘棒球锁 东风风神A60<br>', 1448365889, 1),
(5, '任E行C7 行车记录仪 高清1080P夜视广角170度 单/双镜头重力感应 宽动态迷你隐身 单镜头(不含内存卡)', '2015112756580a8e072d23377.jpg', 28, 37, '<br>', 1448610446, 1),
(6, '英国Greenbreath太阳能车载空气净化器 汽车负离子氧吧香薰除PM2.5赠加湿器 白', '2015112756580ac040ba09170.jpg', 32, 41, '<br>', 1448610496, 1);

-- --------------------------------------------------------

--
-- 表的结构 `s36_user`
--

CREATE TABLE IF NOT EXISTS `s36_user` (
  `id` int(10) unsigned NOT NULL AUTO_INCREMENT,
  `name` varchar(255) DEFAULT NULL,
  `password` char(32) NOT NULL,
  `email` varchar(255) DEFAULT NULL,
  `phone` varchar(255) DEFAULT NULL,
  `sex` tinyint(4) NOT NULL DEFAULT '0',
  `type` tinyint(4) NOT NULL DEFAULT '0',
  `display` tinyint(4) NOT NULL DEFAULT '0',
  `regtime` int(11) NOT NULL DEFAULT '0',
  `lasttime` int(11) NOT NULL DEFAULT '0',
  `lognum` int(10) unsigned NOT NULL DEFAULT '0',
  `avatar` varchar(255) NOT NULL DEFAULT 'avatar.gif',
  `credits` int(10) unsigned NOT NULL DEFAULT '0',
  `val` tinyint(3) unsigned NOT NULL DEFAULT '1',
  PRIMARY KEY (`id`),
  UNIQUE KEY `name` (`name`)
) ENGINE=MyISAM  DEFAULT CHARSET=utf8 AUTO_INCREMENT=15 ;

--
-- 转存表中的数据 `s36_user`
--

INSERT INTO `s36_user` (`id`, `name`, `password`, `email`, `phone`, `sex`, `type`, `display`, `regtime`, `lasttime`, `lognum`, `avatar`, `credits`, `val`) VALUES
(4, 'rootroot', 'e10adc3949ba59abbe56e057f20f883e', NULL, NULL, 0, 1, 0, 0, 1447332085, 0, 'avatar.gif', 100, 1),
(6, 'webzhiyi', 'e10adc3949ba59abbe56e057f20f883e', NULL, NULL, 0, 1, 0, 1447336148, 1447336227, 0, 'avatar.gif', 100, 1),
(7, 'zzayzzay', 'e10adc3949ba59abbe56e057f20f883e', NULL, NULL, 0, 1, 1, 1447336181, 0, 0, 'avatar.gif', 100, 1),
(8, 'haofazi', 'e10adc3949ba59abbe56e057f20f883e', 'haofazi@qq.com', NULL, 0, 0, 0, 1447523211, 1447588550, 0, 'avatar.gif', 100, 1),
(9, 'fuhaizi', 'e10adc3949ba59abbe56e057f20f883e', 'fuhaizi@qq.com', NULL, 0, 0, 0, 1447524356, 1447524405, 0, 'avatar.gif', 100, 1),
(10, 'testuser', 'e10adc3949ba59abbe56e057f20f883e', NULL, NULL, 0, 0, 0, 1448351071, 0, 0, 'avatar.gif', 100, 1),
(11, 'testuser1', 'e10adc3949ba59abbe56e057f20f883e', 'test@qq.com', NULL, 0, 0, 0, 1448353388, 1448353421, 1, 'avatar.gif', 100, 1),
(12, 'testuser2', 'e10adc3949ba59abbe56e057f20f883e', '1234567@qq.com', '1234', 0, 0, 0, 1448353647, 1448354627, 2, '20151124565422299bccf2529.jpg', 110, 1),
(13, 'testuser3', 'e10adc3949ba59abbe56e057f20f883e', 'test@qq.com', '111', 0, 0, 0, 1448376969, 1448609157, 3, '2015112456547af6d70516161.jpg', 508, 2),
(14, 'testuser4', 'e10adc3949ba59abbe56e057f20f883e', 'test@qq.com', '77777777777777', 1, 0, 0, 1448612286, 1448627600, 2, '2015112756581213d095d5462.jpg', 1538, 2);

/*!40101 SET CHARACTER_SET_CLIENT=@OLD_CHARACTER_SET_CLIENT */;
/*!40101 SET CHARACTER_SET_RESULTS=@OLD_CHARACTER_SET_RESULTS */;
/*!40101 SET COLLATION_CONNECTION=@OLD_COLLATION_CONNECTION */;
